{
  "version": 2,
  "builds": [
    {
      "src": "index.php",
      "use": "@vercel/php"
    },
    {
      "src": "api/*.php",
      "use": "@vercel/php"
    }
  ],
  "routes": [
    {
      "src": "/api/(.*)",
      "dest": "/api/$1.php"
    },
    {
      "src": "/(.*)",
      "dest": "/index.php"
    }
  ],
  "env": {
    "DB_HOST": "@db_host",
    "DB_NAME": "@db_name",
    "DB_USER": "@db_user",
    "DB_PASS": "@db_pass",
    "STRIPE_SECRET_KEY": "@stripe_secret",
    "STRIPE_WEBHOOK_SECRET": "@stripe_webhook"
  }
}